<?xml version="1.0" encoding="utf-8"?>
<Window>
  <VerticalLayout inset="4,0,4,4" bkcolor="0xFFCDD1D1" >
	<Control />
    <HorizontalLayout>
        <Control>
        </Control>
        <GifAnim bkimage="png/BaoBao.gif" height="240" width="240" auto="true"/>
        <Control>
        </Control>
    </HorizontalLayout>
    
  	<TabChangeButton tab="tab" selectedid="0" height="20" text = "第一页" bkcolor="#FFFFFFFF" textcolor="#FFFF0000"/>
	<TabChangeButton tab="tab" selectedid="1" height="20" text = "第二页" bkcolor="#FFFFFFFF" textcolor="#FFFF0000"/>
	<TabChangeButton tab="tab" selectedid="2" height="20" text = "第三页" bkcolor="#FFFFFFFF" textcolor="#FFFF0000"/>
    <button text="我是按钮" height="30"  bkcolor="0xFF4C7CB1" hotbkcolor="0xFF589CF1" >
    </button>
  </VerticalLayout>
</Window>