<?xml version="1.0" encoding="utf-8"?>
<Window>
  <VerticalLayout inset="4,0,4,4" bkcolor="0xFFCCCEDB" >
	<Control />
    <HorizontalLayout>
        <Control>
        </Control>
        <GifAnim bkimage="png/BiXin.gif" height="240" width="240" auto="true"/>
        <Control>
        </Control>
    </HorizontalLayout>

  <TabChangeButton tab="tab" selectedid="0" height="20" text = "第一页" bkcolor="#FFFFFFFF" textcolor="#FF00FF00"/>
	<TabChangeButton tab="tab" selectedid="1" height="20" text = "第二页" bkcolor="#FFFFFFFF" textcolor="#FF00FF00"/>
	<TabChangeButton tab="tab" selectedid="2" height="20" text = "第三页" bkcolor="#FFFFFFFF" textcolor="#FF00FF00"/>
  </VerticalLayout>
</Window>